<?xml version="1.0" encoding="UTF-8"?>
<!DOCTYPE suite SYSTEM "http://testng.org/testng-1.0.dtd">
<suite name="Suite">
  <test name="Test">
      <parameter name="browser" value="firefox"></parameter>

      <classes>
   <class name="executeRoundTrip.ExecuteRoundWay">
    <methods> 
        <include name="LoginTest"/> 
         <include name="cabroundsearch"/> 
                 
      	
         
   
        </methods> 
      </class> 
    </classes>
  </test> <!-- Test --> 
</suite> 
