<?xml version="1.0" encoding="UTF-8"?>
<!DOCTYPE suite SYSTEM "http://testng.org/testng-1.0.dtd">
<suite name="Suite">
  <test thread-count="5" name="example2">
    <classes>
      <class name="cpsatExam.example2"/>
    </classes>
  </test> <!-- Test -->
   <test thread-count="5" name="example4">
    <classes>
      <class name="cpsatExam.example4"/>
    </classes>
  </test> <!-- Test -->
   <test thread-count="5" name="example5">
    <classes>
      <class name="cpsatExam.example5"/>
    </classes>
  </test> <!-- Test -->
  <test thread-count="5" name="example6">
    <classes>
      <class name="cpsatExam.example6"/>
    </classes>
  </test> <!-- Test -->
</suite> <!-- Suite -->
